,NDVI
0,0.18734048306941986
1,0.6315289735794067
2,0.14712153375148773
3,0.17593848705291748
4,0.15115652978420258
5,0.6546871066093445
6,0.6257938742637634
7,0.6425702571868896
8,0.5216646194458008
9,0.6321513056755066
10,0.17910447716712952
11,0.18004988133907318
12,0.12440809607505798
13,0.24440298974514008
14,0.133138969540596
15,0.13878628611564636
16,0.14420555531978607
17,0.15540540218353271
18,0.30198249220848083
19,0.2802669107913971
20,0.12222222238779068
21,0.1351063847541809
22,0.1114666685461998
23,0.130479633808136
24,0.1521633416414261
25,0.12708333134651184
26,0.2728179693222046
27,0.12758073210716248
28,0.12812334299087524
29,0.12190082669258118
30,0.13794845342636108
31,0.13276353478431702
32,0.14426390826702118
33,0.15460336208343506
34,0.15733332931995392
35,0.14641433954238892
36,0.1373368203639984
37,0.14098361134529114
38,0.2691532373428345
39,0.19982698559761047
40,0.2769080102443695
41,0.1982840746641159
42,0.4052256643772125
43,0.32119059562683105
44,0.153962641954422
45,0.12948207557201385
46,0.42901235818862915
47,0.14043691754341125
48,0.1408526748418808
49,0.1502801775932312
50,0.5564744472503662
51,0.7267605662345886
52,0.203382670879364
53,0.24047306180000305
54,0.7614809274673462
55,0.22810061275959015
56,0.7889379262924194
57,0.3577267527580261
58,0.4622892737388611
59,0.5769805908203125
60,0.1638612151145935
61,0.36015474796295166
62,0.2587831914424896
63,0.4030274450778961
64,0.22845691442489624
65,0.2741635739803314
66,0.13214801251888275
67,0.23590150475502014
68,0.24518388509750366
69,0.1332082599401474
70,0.178557351231575
71,0.19913606345653534
72,0.16653193533420563
73,0.2142857164144516
74,0.3142584562301636
75,0.21103447675704956
76,0.212167888879776
77,0.1511193960905075
78,0.1514590084552765
79,0.20101352035999298
80,0.1978771835565567
81,0.1943410336971283
82,0.4576523005962372
83,0.26056715846061707
84,0.2023121416568756
85,0.327288419008255
86,0.22249388694763184
87,0.2434607595205307
88,0.2815999984741211
89,0.26742300391197205
90,0.4524647891521454
91,0.6306620240211487
92,0.5869331359863281
93,0.2784862220287323
94,0.37694454193115234
95,0.19812925159931183
96,0.19578783214092255
97,0.3258785903453827
98,0.1670822948217392
99,0.2732510268688202
100,
101,
102,0.4789579212665558
103,0.7092699408531189
104,0.5629791617393494
105,0.14611871540546417
106,0.13659022748470306
107,0.1409749686717987
108,0.15282239019870758
109,0.13531047105789185
110,0.14762979745864868
111,0.13398058712482452
112,0.13184772431850433
113,0.3957597315311432
114,0.1318327933549881
115,0.4801444113254547
116,0.34310582280158997
117,0.15142719447612762
118,0.16940362751483917
119,0.2960222065448761
120,0.14248479902744293
121,0.12697023153305054
122,0.13683223724365234
123,0.5983995795249939
124,0.11658767610788345
125,0.20441175997257233
126,0.15349774062633514
127,0.3460826575756073
128,0.15317460894584656
129,0.1459074765443802
130,0.2034115195274353
131,0.13155631721019745
132,0.22197408974170685
133,0.1280076950788498
134,0.18053098022937775
135,0.1600928008556366
136,0.1386224925518036
137,0.12607944011688232
138,0.5894039869308472
139,0.3975563943386078
140,0.1338510662317276
141,0.14135625958442688
142,0.19337908923625946
143,0.1576746106147766
144,0.2299049198627472
145,0.10771914571523666
146,0.08974359184503555
147,0.0946180522441864
148,0.18864291906356812
149,0.1814059019088745
150,0.12775665521621704
151,0.10664606094360352
152,0.23622383177280426
153,0.12893082201480865
154,0.14703617990016937
155,0.2271880805492401
156,0.10722100734710693
157,0.09951845556497574
158,0.1520467847585678
159,0.10155609995126724
160,0.11283095926046371
161,0.0914105623960495
162,0.12715603411197662
163,0.4406912922859192
164,0.12389039248228073
165,0.10079464316368103
166,0.08557046949863434
167,0.07917888462543488
168,0.08297690004110336
169,0.10114192217588425
170,0.11542100459337234
171,0.18546845018863678
172,0.08671064674854279
173,0.11019283533096313
174,0.0898524820804596
175,
176,0.14884233474731445
177,0.14731021225452423
178,0.11288604885339737
179,0.12295868992805481
180,0.10593607276678085
181,0.13687287271022797
182,0.15487849712371826
183,0.16767068207263947
184,0.15789473056793213
185,0.1594064086675644
186,0.2388664036989212
187,0.29370322823524475
188,0.598556637763977
189,0.148505300283432
190,0.07134681195020676
191,0.11229508370161057
192,0.13531669974327087
193,0.09015371650457382
194,0.0975908562541008
195,0.13419117033481598
196,0.17484275996685028
197,0.11871657520532608
198,0.14820760488510132
199,0.12878446280956268
200,0.12486308813095093
201,0.15596330165863037
202,0.2089470773935318
203,0.17966784536838531
204,0.1415337175130844
205,0.13599126040935516
206,0.12991538643836975
207,0.14927953481674194
208,0.3251994252204895
209,0.13300491869449615
210,0.14740431308746338
211,0.09321058541536331
212,0.11335012316703796
213,0.0615980289876461
214,0.0900225043296814
215,0.11708586663007736
216,0.1618221253156662
217,0.15947136282920837
218,0.1644100546836853
219,0.10587188601493835
220,0.4419306218624115
221,0.2553578019142151
222,0.11135371029376984
223,0.1356119066476822
224,0.12646198272705078
225,0.24353447556495667
226,0.16615067422389984
227,0.227009117603302
228,0.31012657284736633
229,0.14370959997177124
230,0.0992753654718399
231,0.1351909190416336
232,0.1150643453001976
233,0.09624674916267395
234,0.09538894891738892
235,0.17613635957241058
236,0.2923462986946106
237,0.3127538561820984
238,0.19655358791351318
239,0.3251231610774994
240,0.17714285850524902
241,0.15804003179073334
242,0.3296482264995575
243,0.12585444748401642
244,0.1813214123249054
245,0.14299610257148743
246,0.2901119291782379
247,0.13716404139995575
248,0.7318975329399109
249,0.12058570235967636
250,0.09360730648040771
251,0.09887005388736725
252,0.0879940316081047
253,0.10509554296731949
254,0.15149040520191193
255,0.07824888080358505
256,0.07589984685182571
257,0.10697674751281738
258,0.11180610209703445
259,0.09304603189229965
260,0.20295622944831848
261,0.22399559617042542
262,0.12449392676353455
263,0.11973497271537781
264,0.13629555702209473
265,0.10122038424015045
266,0.09682243317365646
267,0.0884157344698906
268,0.10726915299892426
269,0.08406026661396027
270,0.24914005398750305
271,0.14024041593074799
272,0.13681738078594208
273,0.09493458271026611
274,0.20688007771968842
275,0.2853025794029236
276,0.18559837341308594
277,0.14020857214927673
278,0.07654920965433121
279,0.095238097012043
280,0.1659919023513794
281,0.12020841240882874
282,0.0954616591334343
283,0.16436780989170074
284,0.1196054220199585
285,0.208906888961792
286,0.07496927678585052
287,0.1648535579442978
288,0.10204081982374191
289,0.11787072569131851
290,
291,
292,
293,
294,
295,
296,
297,
298,
299,
300,
301,
302,
303,
304,
305,
306,
307,
308,
309,
310,
311,
312,
313,
314,
315,
316,
317,
318,
319,
320,
321,
322,
323,
324,
325,
326,
327,
328,
329,
330,
331,
332,
333,
334,
335,
336,
337,
338,
339,
340,
341,
342,
343,
344,
345,
346,
347,
348,
349,
350,
351,
352,
353,
354,
355,
356,
357,
358,
359,
360,
361,
362,
363,
364,
365,
366,
367,
368,
369,
370,
371,
372,
373,
374,
375,
376,
377,
378,
379,
380,
381,
382,
383,
384,
385,
386,
387,
388,
389,
390,
391,
392,
393,
394,
395,
396,
397,
398,
399,
400,
401,
402,
403,
404,
405,
406,
407,
408,
409,
410,
411,
412,
413,
414,
415,
416,
417,
418,
419,
420,
421,
422,
423,
424,
425,
426,
427,
428,
429,
430,
431,
432,
433,
434,
435,
436,
437,
438,
439,
440,
441,
442,
443,
444,
445,
446,
447,
448,
449,
450,
451,
452,
453,
454,
455,
456,
457,
458,
459,
460,
461,
462,
463,
464,
465,
466,
467,
468,
469,
470,
471,
472,
473,
474,
475,
476,
477,
478,
479,
480,
481,
482,
483,
484,
485,
486,
487,
488,
489,
490,
491,
492,
493,
494,
495,
496,
497,
498,
499,
500,
501,
502,
503,
504,
505,
506,
507,
508,
509,
510,
511,
512,
513,
514,
515,
516,
517,
518,
519,
520,
521,
522,
523,
524,
525,
526,
527,
528,
529,
530,
531,
532,
533,
534,
535,
536,
537,
538,
539,
540,
541,
542,
543,
544,
545,
546,
547,
548,
549,
550,
551,
552,
553,
554,
555,
556,
557,
558,
559,
560,
561,
562,
563,
564,
565,
566,
567,
568,
569,
570,
571,
572,
573,
574,
575,
576,
577,
578,
579,
580,
581,
582,
583,
584,
585,
586,
587,
588,
589,
590,
591,
592,
593,
594,
595,
596,
597,
598,
599,
600,
601,
602,
603,
604,
605,
606,
607,
608,
609,
610,
611,
612,
613,
614,
615,
616,
617,
618,
619,
620,
621,
622,
623,
624,
625,
626,
627,
628,
629,
630,
631,
632,
633,
634,
635,
636,
637,
638,
639,
640,
641,
642,
643,
644,
645,
646,
647,
648,
649,
650,
651,
652,
653,
654,
655,
656,
657,
658,
659,
660,
661,
662,
663,
664,
665,
666,
667,
668,
669,
670,
671,
672,
673,
674,
675,
676,
677,
678,
679,
680,
681,
682,
683,
684,
685,
686,
687,
688,
689,
690,
691,
692,
693,
694,
695,
696,
697,
698,
699,
700,
701,
702,
703,
704,
705,
706,
707,
708,
709,
710,
711,
712,
713,
714,
715,
716,
717,
718,
719,
720,
721,
722,
723,
724,
725,0.7027215361595154
726,0.8790882229804993
727,0.8432494401931763
728,0.45538535714149475
729,0.8772668838500977
730,0.8532404899597168
731,0.8695876002311707
732,0.8642678260803223
733,0.827261745929718
734,0.8233196139335632
735,0.821561336517334
736,0.8376938104629517
737,0.8467909097671509
738,0.8275198936462402
739,0.8181818127632141
740,0.8392564058303833
741,0.8750322461128235
742,0.8153929114341736
743,0.5315179228782654
744,0.8632687926292419
745,0.8333796262741089
746,0.8193769454956055
747,0.8445596098899841
748,0.8721628189086914
749,0.84913569688797
750,0.8255813717842102
751,0.8243164420127869
752,0.8889169692993164
753,0.8845770955085754
754,0.8189845681190491
755,0.8545454740524292
756,0.8786219358444214
757,0.8637407422065735
758,0.8777675032615662
759,0.8689570426940918
760,0.713131308555603
761,0.576815664768219
762,0.15904437005519867
763,0.3164905905723572
764,0.34780412912368774
765,0.7250268459320068
766,0.7786445617675781
767,0.7754200100898743
768,0.3301617503166199
769,0.6946075558662415
770,0.6575729250907898
771,0.6863504648208618
772,0.7060677409172058
773,0.7407035231590271
774,0.6376210451126099
775,0.8327013254165649
776,0.793773353099823
777,0.8054787516593933
778,0.7921242713928223
779,0.8345662355422974
780,0.8351571559906006
781,0.8222332000732422
782,0.7868182063102722
783,0.8363377451896667
784,0.8347742557525635
785,0.8530846238136292
786,0.8625169396400452
787,0.8786442279815674
788,0.8476343154907227
789,0.8750996589660645
790,0.8493661284446716
791,0.8629213571548462
792,0.8497906923294067
793,0.8250652551651001
794,0.8506265878677368
795,0.8146101832389832
796,0.8205655813217163
797,0.8656527400016785
798,0.7166408896446228
799,0.8428769111633301
800,0.3080213963985443
801,0.3059263229370117
802,0.6453933715820312
803,0.5670151114463806
804,0.6333408355712891
805,0.42543941736221313
806,0.5477572679519653
807,0.3143617808818817
808,0.21439793705940247
809,0.3210892975330353
810,0.7248322367668152
811,0.7281385064125061
812,0.7305956482887268
813,0.73797607421875
814,0.7410262227058411
815,0.17663303017616272
816,0.10408609360456467
817,0.0890146866440773
818,0.21479260921478271
819,0.14591237902641296
820,0.3735860288143158
821,0.11261261254549026
822,0.23570789396762848
823,0.35688623785972595
824,0.19564230740070343
825,
826,
827,0.7030093669891357
828,0.5726351141929626
829,0.7002393007278442
830,0.35965847969055176
831,0.8223194479942322
832,0.39425286650657654
833,0.41484716534614563
834,0.3660818636417389
835,0.8140896558761597
836,0.8097412586212158
837,0.7999641299247742
838,0.7874923944473267
839,0.7997344732284546
840,0.8107497692108154
841,0.8248234391212463
842,0.8121353387832642
843,0.7530093789100647
844,0.7999613881111145
845,0.8219258785247803
846,0.40805333852767944
847,0.8056930899620056
848,0.7787742614746094
849,0.7967793345451355
850,0.3874538838863373
851,0.8683081269264221
852,0.8393146395683289
853,0.36438924074172974
854,0.48081380128860474
855,0.8677130341529846
856,0.867209792137146
857,0.8003602027893066
858,0.8073469400405884
859,0.8678917288780212
860,0.8782650232315063
861,0.8381051421165466
862,0.29265373945236206
863,0.8574483394622803
864,0.31617647409439087
865,0.8772612810134888
866,0.7122232913970947
867,0.39897310733795166
868,0.317455530166626
869,0.37524303793907166
870,0.2948378026485443
871,0.7772901654243469
872,0.4918837249279022
873,0.33302539587020874
874,0.5874635577201843
875,0.7553793787956238
876,0.7862181067466736
877,0.7852855920791626
878,0.7056145668029785
879,0.7657560110092163
880,0.7270742654800415
881,0.650124728679657
882,0.749382734298706
883,0.7602356672286987
884,0.7466743588447571
885,0.683698296546936
886,0.8500152826309204
887,0.7996411323547363
888,0.43782782554626465
889,0.790052056312561
890,0.8116101026535034
891,0.848468542098999
892,0.8477580547332764
893,0.8448895812034607
894,0.8319811820983887
895,0.7789964079856873
896,0.7770800590515137
897,0.7333333492279053
898,0.7523186206817627
899,0.7766605019569397
900,0.7948858737945557
901,0.8089829683303833
902,0.7618025541305542
903,0.8070836663246155
904,0.819428563117981
905,0.7991214990615845
906,0.8334154486656189
907,0.8151111006736755
908,0.7790272831916809
909,0.7200121283531189
910,0.7947142124176025
911,0.806251585483551
912,0.7777777910232544
913,0.20717132091522217
914,0.7962852120399475
915,0.7709923386573792
916,0.7782721519470215
917,0.4274636507034302
918,0.7808141112327576
919,0.7563218474388123
920,0.8443113565444946
921,0.819510817527771
922,0.8480585217475891
923,0.8567399978637695
924,0.827368438243866
925,0.8365925550460815
926,0.8289928436279297
927,0.3313126564025879
928,0.8196588158607483
929,0.8265777230262756
930,0.7683523893356323
931,0.878974974155426
932,0.7646763920783997
933,0.845788836479187
934,0.7599608898162842
935,0.6991701126098633
936,0.7013941407203674
937,0.8117229342460632
938,0.6650818586349487
939,0.6716721653938293
940,0.7073732614517212
941,0.8061452507972717
942,0.6060836315155029
943,0.507219672203064
944,0.7773279547691345
945,0.22310377657413483
946,0.17866992950439453
947,0.40227869153022766
948,0.35475894808769226
949,0.4228769540786743
950,0.4266318678855896
951,0.5175141096115112
952,0.6778300404548645
953,0.217716783285141
954,0.46052631735801697
955,0.31408774852752686
956,0.2613111734390259
957,0.35739871859550476
958,0.237932026386261
959,0.35592204332351685
960,0.7013773918151855
961,0.47637051343917847
962,0.36329588294029236
963,0.7489878535270691
964,0.47098100185394287
965,0.4307524561882019
966,0.3229237496852875
967,0.7821373343467712
968,0.7444887161254883
969,0.40355029702186584
970,0.31158918142318726
971,0.5120455622673035
972,0.7570412755012512
973,0.6207573413848877
974,0.35322195291519165
975,0.15969358384609222
976,0.692995548248291
977,0.16943128407001495
978,0.16469193994998932
979,0.17813268303871155
980,0.23714187741279602
981,0.22253310680389404
982,0.22368916869163513
983,0.20549827814102173
984,0.2224753201007843
985,0.686354398727417
986,0.7645828723907471
987,0.675479531288147
988,0.3232724368572235
989,0.62328040599823
990,0.386918842792511
991,0.20000000298023224
992,0.7088270783424377
993,0.6562414765357971
994,0.7142133116722107
995,0.21420389413833618
996,0.2520267963409424
997,0.6774193644523621
998,0.19326817989349365
999,0.27121463418006897
1000,0.7038902640342712
1001,0.6349709630012512
1002,0.6983606815338135
1003,0.6722192168235779
1004,0.7070484757423401
1005,0.7245509028434753
1006,0.7451779246330261
1007,0.23323377966880798
1008,0.5062761306762695
1009,0.23355461657047272
1010,0.7104256749153137
1011,0.2010558694601059
1012,0.24366042017936707
1013,0.1691136509180069
1014,0.21311475336551666
1015,0.1740240752696991
1016,0.5157360434532166
1017,0.21405750513076782
1018,0.5397863984107971
1019,0.34095925092697144
1020,0.522580623626709
1021,0.5841790437698364
1022,0.4682037830352783
1023,0.23708422482013702
1024,0.583984375
1025,0.5922551155090332
1026,0.4842070937156677
1027,0.5536637306213379
1028,0.5716713666915894
1029,0.5879666805267334
1030,0.6735153198242188
1031,0.693261444568634
1032,0.6135770082473755
1033,0.46584171056747437
1034,0.656670093536377
1035,0.7254027128219604
1036,0.7384540438652039
1037,0.7117117047309875
1038,0.7256857752799988
1039,0.7369726896286011
1040,0.6018264889717102
1041,0.6192533373832703
1042,0.3809264302253723
1043,0.4736842215061188
1044,0.598866879940033
1045,0.40066224336624146
1046,0.5814319252967834
1047,0.5143651366233826
1048,0.5292200446128845
1049,0.5547685027122498
1050,0.6400220394134521
1051,0.71808260679245
1052,0.6197339296340942
1053,0.4731522500514984
1054,0.5258126258850098
1055,0.5947352051734924
1056,0.6149098873138428
1057,0.5905759334564209
1058,0.26139089465141296
1059,0.5113493204116821
1060,0.4873288571834564
1061,0.4822208285331726
1062,0.3239564299583435
1063,0.4862489402294159
1064,0.4955595135688782
1065,0.81427001953125
1066,0.6989075541496277
1067,0.6794150471687317
1068,0.8338461518287659
1069,0.8211829662322998
1070,0.7017218470573425
1071,0.7677005529403687
1072,0.5732262134552002
1073,0.6083775162696838
1074,0.6704288721084595
1075,0.3961038887500763
1076,0.8449212908744812
1077,0.267724871635437
1078,0.8082343339920044
1079,0.2998065650463104
1080,0.44432660937309265
1081,0.4469223916530609
1082,0.5989060997962952
1083,0.4624505937099457
1084,0.41727158427238464
1085,0.5295836329460144
1086,0.6191037893295288
1087,0.25925925374031067
1088,0.5533862113952637
1089,0.48758465051651
1090,0.2583793103694916
1091,0.2017391324043274
1092,0.1976856291294098
1093,0.27437055110931396
1094,0.23984988033771515
1095,0.4778672158718109
1096,0.45409154891967773
1097,0.5011086463928223
1098,0.26567330956459045
1099,0.3470270335674286
1100,0.21676430106163025
1101,0.27487820386886597
1102,0.3099173605442047
1103,0.2215464860200882
1104,0.22955144941806793
1105,0.6640493273735046
1106,0.21715453267097473
1107,0.29953300952911377
1108,0.5526549816131592
1109,0.25261780619621277
1110,0.5352607369422913
1111,0.41231343150138855
1112,0.48918354511260986
1113,0.4564755856990814
1114,0.2514044940471649
1115,0.46337994933128357
1116,0.5125725269317627
1117,0.435709685087204
1118,0.23698629438877106
1119,0.4194544553756714
1120,0.14648909866809845
1121,0.1945054978132248
1122,0.15833087265491486
1123,0.14330315589904785
1124,0.2787286043167114
1125,0.20966118574142456
1126,0.16034986078739166
1127,0.1594613790512085
1128,0.23177652060985565
1129,0.1611541211605072
1130,0.21966692805290222
1131,0.24170616269111633
1132,0.2233622670173645
1133,0.16265912353992462
1134,0.2247048169374466
1135,0.16751918196678162
1136,0.19087986648082733
1137,0.393086314201355
1138,0.4265318214893341
1139,0.1967727541923523
1140,0.20025965571403503
1141,0.2646167278289795
1142,0.544077455997467
1143,0.20671378076076508
1144,0.40436074137687683
1145,0.5613463521003723
1146,0.31252437829971313
1147,0.33554479479789734
1148,0.22295624017715454
1149,0.23596343398094177
1150,0.6159761548042297
1151,0.48025476932525635
1152,0.16360454261302948
1153,0.223205104470253
1154,0.18284693360328674
1155,0.5427360534667969
1156,0.16953642666339874
1157,0.2608437240123749
1158,0.18751680850982666
1159,0.1687687635421753
1160,0.27445951104164124
1161,0.18959401547908783
1162,0.21528662741184235
1163,0.35701385140419006
1164,0.23721502721309662
1165,0.19542549550533295
1166,0.1952837109565735
1167,0.30473047494888306
1168,0.2889186441898346
1169,0.32274460792541504
1170,0.35585910081863403
1171,0.2598980665206909
1172,0.19732937216758728
1173,0.15764331817626953
1174,0.20365436375141144
1175,0.24226804077625275
1176,0.2149200737476349
1177,0.24724648892879486
1178,0.5441533923149109
1179,0.2277992218732834
1180,0.286111980676651
1181,0.16040100157260895
1182,0.17123287916183472
1183,0.19476471841335297
1184,0.205165833234787
1185,0.2109416127204895
1186,0.2103225737810135
1187,0.18070009350776672
1188,0.2669067680835724
1189,0.2051868736743927
1190,0.1689145863056183
1191,0.17086835205554962
1192,0.19632606208324432
1193,0.20914888381958008
1194,0.18330657482147217
1195,0.1764705926179886
1196,0.3684837520122528
1197,0.16928885877132416
1198,0.21650362014770508
1199,0.30831581354141235
1200,0.27695560455322266
1201,0.360659122467041
1202,0.30676186084747314
1203,0.17520557343959808
1204,0.2656881511211395
1205,0.2331768423318863
1206,0.21148239076137543
1207,0.19974716007709503
1208,0.24642500281333923
1209,0.2236955463886261
1210,0.2106238454580307
1211,0.27441859245300293
1212,0.2421465963125229
1213,0.4639386236667633
1214,0.21833227574825287
1215,0.25294119119644165
1216,0.22200198471546173
1217,0.30983757972717285
1218,0.280230313539505
1219,0.23984143137931824
1220,0.18987341225147247
1221,0.29798516631126404
1222,0.17882689833641052
1223,0.4032496213912964
1224,0.19683338701725006
1225,0.19467061758041382
1226,0.2231520265340805
1227,0.23176823556423187
1228,0.18648472428321838
1229,0.1859504133462906
1230,0.2276536375284195
1231,0.4112808406352997
1232,0.2280246466398239
1233,0.3874458968639374
1234,0.20667187869548798
1235,0.25204819440841675
1236,0.29149892926216125
1237,0.20338982343673706
1238,0.3254106938838959
1239,0.32278046011924744
1240,0.29397517442703247
1241,0.30544689297676086
1242,0.4537682831287384
1243,0.23596574366092682
1244,0.22479687631130219
1245,0.25766870379447937
1246,0.2830188572406769
1247,0.35003721714019775
1248,0.23598748445510864
1249,0.23849567770957947
1250,0.40437009930610657
1251,0.29352983832359314
1252,0.3167545795440674
1253,0.20000000298023224
1254,0.3812097907066345
1255,0.2679288685321808
1256,0.36392742395401
1257,0.4904542565345764
1258,0.20232896506786346
1259,0.21058964729309082
1260,
1261,
1262,0.365774005651474
1263,0.2593059837818146
1264,0.2844827473163605
1265,0.20738542079925537
1266,0.11155577749013901
1267,0.20569394528865814
1268,0.21875
1269,0.21259842813014984
1270,0.2786293923854828
1271,0.2888040840625763
1272,0.25925925374031067
1273,0.43242353200912476
1274,0.26403823494911194
1275,0.22489960491657257
1276,0.26041314005851746
1277,0.255871444940567
1278,0.18928571045398712
1279,0.24606670439243317
1280,0.2298850566148758
1281,0.3073229193687439
1282,0.20405210554599762
1283,0.17603610455989838
1284,0.16874195635318756
1285,0.19320327043533325
1286,0.23608335852622986
1287,0.30459126830101013
1288,0.17423133552074432
1289,0.2957511842250824
1290,0.316636860370636
1291,0.24439986050128937
1292,0.30050933361053467
1293,0.18748082220554352
1294,0.17215661704540253
1295,0.22624742984771729
1296,0.24047522246837616
1297,0.309207022190094
1298,0.242620587348938
1299,0.313564658164978
1300,0.22689075767993927
1301,0.15181314945220947
1302,0.3331436812877655
1303,0.24172742664813995
1304,0.28124117851257324
1305,0.7862786054611206
1306,0.45917701721191406
1307,0.7120141386985779
1308,0.4708148241043091
1309,0.6537455320358276
1310,0.5423237681388855
1311,0.5471564531326294
1312,0.5959420204162598
1313,0.5607798099517822
1314,0.6214587092399597
1315,0.5403808355331421
1316,0.5097451210021973
1317,0.4918518662452698
1318,0.44810542464256287
1319,0.43061840534210205
1320,0.2641114890575409
1321,0.25449103116989136
1322,0.35357916355133057
1323,0.3348017632961273
1324,0.235867440700531
1325,0.39599382877349854
1326,0.42833471298217773
1327,0.3637494742870331
1328,0.4126984179019928
1329,0.4020456373691559
1330,0.42101168632507324
1331,0.43283581733703613
1332,0.43862590193748474
1333,0.44121915102005005
1334,0.4152410626411438
1335,0.15415020287036896
1336,0.19568344950675964
1337,0.19005848467350006
1338,0.1927083283662796
1339,0.18721461296081543
1340,0.39232054352760315
1341,0.3225249946117401
1342,0.2716143727302551
1343,0.3892168402671814
1344,0.458156019449234
1345,0.3789294958114624
1346,0.5129068493843079
1347,0.4730306565761566
1348,0.3129119873046875
1349,0.34169548749923706
1350,0.4097881615161896
1351,0.4654867351055145
1352,0.3372780978679657
1353,0.4019138813018799
1354,0.36629214882850647
1355,0.19205297529697418
1356,0.3289603292942047
1357,0.22891566157341003
1358,0.22612649202346802
1359,0.18078602850437164
1360,0.3685027062892914
1361,0.2990990877151489
1362,0.49884527921676636
1363,0.3155619502067566
1364,0.289432168006897
1365,0.4312431216239929
1366,0.34642577171325684
1367,0.5365036725997925
1368,0.5762348175048828
1369,0.26995915174484253
1370,0.323615163564682
1371,0.4014839231967926
1372,0.3870967626571655
1373,0.36666667461395264
1374,0.3911646604537964
1375,0.2758369743824005
1376,0.31594905257225037
1377,0.27719730138778687
1378,0.34507042169570923
1379,0.2141469120979309
1380,0.5002361536026001
1381,0.6771300435066223
1382,0.5633136034011841
1383,0.40371081233024597
1384,0.3478260934352875
1385,0.48676639795303345
1386,0.4014517068862915
1387,0.6485943794250488
1388,0.680137574672699
1389,0.3354714512825012
1390,0.5371536612510681
1391,0.5545023679733276
1392,0.7241717576980591
1393,0.5326756834983826
1394,0.6060100197792053
1395,0.3547874391078949
1396,0.589958131313324
1397,0.6777583360671997
1398,0.4801388382911682
1399,0.7270054817199707
1400,0.4850473999977112
1401,0.37813884019851685
1402,0.5644505023956299
1403,0.4184180498123169
1404,0.4789436161518097
1405,0.6331018805503845
1406,0.5877147316932678
1407,0.4416865110397339
1408,0.45172029733657837
1409,0.5868222117424011
1410,0.7411095499992371
1411,0.6027026772499084
1412,0.7037705779075623
1413,0.6957295536994934
1414,0.7065166234970093
1415,0.7233603000640869
1416,0.7575979232788086
1417,0.7229014039039612
1418,0.4294074475765228
1419,0.7445482611656189
1420,0.3460790812969208
1421,0.4145043194293976
1422,0.5085646510124207
1423,0.5639344453811646
1424,0.5488331913948059
1425,0.6366158127784729
1426,0.7091624736785889
1427,0.4079110026359558
1428,0.2838154733181
1429,0.55772465467453
1430,0.6256621479988098
1431,0.6454081535339355
1432,0.4781225025653839
1433,0.5553060173988342
1434,0.6698014736175537
1435,0.634178876876831
1436,0.4961168169975281
1437,0.46990442276000977
1438,0.4117647111415863
1439,0.43283581733703613
1440,0.3844311237335205
1441,0.3772455155849457
1442,0.7704243659973145
1443,0.36802974343299866
1444,0.6772867441177368
1445,0.6250365376472473
1446,0.40985652804374695
1447,0.6514101028442383
1448,0.7518014311790466
1449,0.7109537720680237
1450,0.7285400032997131
1451,0.7460154294967651
1452,0.7789202928543091
1453,0.4082702398300171
1454,0.797018826007843
1455,0.8243926167488098
1456,0.8276031613349915
1457,0.7838422060012817
1458,0.7603583335876465
1459,0.8204043507575989
1460,0.6949817538261414
1461,0.7395862340927124
1462,0.7860465049743652
1463,0.7632922530174255
1464,0.7519001364707947
1465,0.5031671524047852
1466,0.7017230987548828
1467,0.6027227640151978
1468,0.581632673740387
1469,0.541336715221405
1470,0.6163285970687866
1471,0.7761492133140564
1472,0.7655301094055176
1473,0.7994256615638733
1474,0.7361237406730652
1475,0.6846451759338379
1476,0.7344854474067688
1477,0.7819401621818542
1478,0.6883952021598816
1479,0.7237113118171692
1480,0.31470972299575806
1481,0.33965420722961426
1482,0.2873326539993286
1483,0.3420669436454773
1484,0.30146342515945435
1485,0.7642857432365417
1486,0.604781985282898
1487,0.5777351260185242
1488,0.6424580812454224
1489,0.5584594011306763
1490,0.479082316160202
1491,0.6855189800262451
1492,0.6838399767875671
1493,0.4564063549041748
1494,0.5112295150756836
1495,0.7311400771141052
1496,0.7496135830879211
1497,0.5219706892967224
1498,0.7317145466804504
1499,0.6443883776664734
1500,0.3129771053791046
1501,0.6910521984100342
1502,0.4821428656578064
1503,0.3823024034500122
1504,0.29032257199287415
1505,0.7096868753433228
1506,0.5668789744377136
1507,0.5365321636199951
1508,0.6244081854820251
1509,0.6711809039115906
1510,0.8523315787315369
1511,0.7216251492500305
1512,0.8031536340713501
1513,0.8156171441078186
1514,0.5527049899101257
1515,0.5710620880126953
1516,0.6462785601615906
1517,0.6802259683609009
1518,0.6509841680526733
1519,0.7246143221855164
1520,0.42356687784194946
1521,0.4082874655723572
1522,0.5612966418266296
1523,0.3306622803211212
1524,0.4576271176338196
1525,0.6412929892539978
1526,0.7766028046607971
1527,0.7312785983085632
1528,0.5737226009368896
1529,0.5807284116744995
1530,0.5913190245628357
1531,0.5898644924163818
1532,0.6893646121025085
1533,0.755482017993927
1534,0.6012422442436218
1535,0.712068498134613
1536,0.6912751793861389
1537,0.828125
1538,0.7162978053092957
1539,0.7575757503509521
1540,0.622715413570404
1541,0.7538461685180664
1542,0.767160177230835
1543,0.7252941131591797
1544,0.7686746716499329
1545,0.711073100566864
1546,0.6363082528114319
1547,0.6506679654121399
1548,0.6076294183731079
1549,0.7690086364746094
1550,
1551,
1552,0.6092298626899719
1553,0.6664813756942749
1554,0.721829354763031
1555,0.8095585703849792
1556,0.7659137845039368
1557,0.7927809953689575
1558,0.7403889894485474
1559,0.8030303120613098
1560,0.7900436520576477
1561,0.7978479266166687
1562,0.7675226926803589
1563,0.6474999785423279
1564,0.7843504548072815
1565,0.4943418800830841
1566,0.5662447214126587
1567,0.6771041750907898
1568,0.7098621129989624
1569,0.7134391665458679
1570,0.7456279993057251
1571,0.7675866484642029
1572,0.6035367846488953
1573,0.27175724506378174
1574,0.7280095815658569
1575,0.8554925322532654
1576,0.8411233425140381
1577,0.7676200270652771
1578,0.8524390459060669
1579,0.8320997953414917
1580,0.6974985599517822
1581,0.7076923251152039
1582,0.6511563062667847
1583,0.7146145105361938
1584,0.7093807458877563
1585,0.7120987772941589
1586,0.681640625
1587,0.80173659324646
1588,0.521404504776001
1589,0.7650223970413208
1590,0.8142160773277283
1591,0.7511410117149353
1592,0.6874109506607056
1593,0.7809070348739624
1594,0.7351517677307129
1595,0.5940149426460266
1596,0.6698673963546753
1597,0.6848137378692627
1598,0.3711790442466736
1599,0.6476253271102905
1600,0.7087549567222595
1601,0.6888062953948975
1602,0.6566404700279236
1603,0.6638176441192627
1604,0.727931797504425
1605,0.5913312435150146
1606,0.6820412278175354
1607,0.7102672457695007
1608,0.6501960754394531
1609,0.6816249489784241
1610,0.5534350872039795
1611,0.6718092560768127
1612,0.6028513312339783
1613,0.5783517956733704
1614,0.5454545617103577
1615,0.6810923218727112
1616,0.7130164504051208
1617,0.7225486040115356
1618,0.7389022707939148
1619,0.7176364660263062
1620,0.6064480543136597
1621,0.6497297286987305
1622,0.679358720779419
1623,0.610710620880127
1624,0.6705524325370789
1625,0.30188679695129395
1626,0.30664652585983276
1627,0.347457617521286
1628,0.2658730149269104
1629,0.25706595182418823
1630,0.6754717230796814
1631,0.5669782161712646
1632,0.60280841588974
1633,0.5948553085327148
1634,0.5405982732772827
1635,0.4790177047252655
1636,0.5657264590263367
1637,0.5798983573913574
1638,0.42841100692749023
1639,0.436166912317276
1640,0.6585829854011536
1641,0.6517622470855713
1642,0.5498425960540771
1643,0.6625592708587646
1644,0.6000000238418579
1645,0.3462214469909668
1646,0.6096579432487488
1647,0.45761650800704956
1648,0.44096386432647705
1649,0.33985328674316406
1650,0.6721672415733337
1651,0.638580322265625
1652,0.5582175254821777
1653,0.6120348572731018
1654,0.6843166947364807
1655,0.7675585150718689
1656,0.7056216597557068
1657,0.69655841588974
1658,0.6812748908996582
1659,0.6276476979255676
1660,0.6373988389968872
1661,0.6298327445983887
1662,0.6431350708007812
1663,0.6744664311408997
1664,0.6930045485496521
1665,0.4361799955368042
1666,0.40262264013290405
1667,0.41225773096084595
1668,0.37972909212112427
1669,0.4946659207344055
1670,0.554770290851593
1671,0.6918138265609741
1672,0.6518144011497498
1673,0.5816733241081238
1674,0.64673912525177
1675,0.5796574950218201
1676,0.5767138004302979
1677,0.6407857537269592
1678,0.6839378476142883
1679,0.5962492823600769
1680,0.6690265536308289
1681,0.6089285612106323
1682,0.7128713130950928
1683,0.6328331828117371
1684,0.686357855796814
1685,0.5445757508277893
1686,0.6571671366691589
1687,0.641598641872406
1688,0.6268041133880615
1689,0.63667231798172
1690,0.6304733157157898
1691,0.5866796970367432
1692,0.6200047731399536
1693,0.591545581817627
1694,0.6979742050170898
1695,0.4845792055130005
1696,0.6271186470985413
1697,0.5708333253860474
1698,0.6331027150154114
1699,0.6464576125144958
1700,0.7098214030265808
1701,0.6622871160507202
1702,0.7059679627418518
1703,0.6651219129562378
1704,0.6924583911895752
1705,0.6497175097465515
1706,0.7163147330284119
1707,0.6887642741203308
1708,0.6237238645553589
1709,0.7044410705566406
1710,0.46228447556495667
1711,0.5112048387527466
1712,0.6459959149360657
1713,0.6158654689788818
1714,0.6653127670288086
1715,0.6614605188369751
1716,0.6948374509811401
1717,0.5731799006462097
1718,0.3696824312210083
1719,0.6513305306434631
1720,0.7481481432914734
1721,0.7456623911857605
1722,0.6948996186256409
1723,0.756709098815918
1724,0.7213547229766846
1725,0.6800804734230042
1726,0.6561403274536133
1727,0.6315107345581055
1728,0.6670071482658386
1729,0.6806545257568359
1730,0.6143856048583984
1731,0.6643524169921875
1732,0.7140751481056213
1733,0.5484460592269897
1734,0.65500408411026
1735,0.6833747029304504
1736,0.7054263353347778
1737,0.576837420463562
1738,0.6759776473045349
1739,0.638225257396698
1740,0.4493772089481354
1741,0.8147359490394592
1742,0.8355981111526489
1743,0.34891876578330994
1744,0.7824305891990662
1745,0.8902438879013062
1746,0.8879727125167847
1747,0.8307905793190002
1748,0.8035294413566589
1749,0.898464560508728
1750,0.7275345325469971
1751,0.848588764667511
1752,0.8710178732872009
1753,0.8215366005897522
1754,0.8446866273880005
1755,0.7847533822059631
1756,0.8720472455024719
1757,0.7593566179275513
1758,0.7538802623748779
1759,0.7571348547935486
1760,0.8504672646522522
1761,0.8687143921852112
1762,0.8984674215316772
1763,0.8951311111450195
1764,0.8675821423530579
1765,0.7850408554077148
1766,0.8398255109786987
1767,0.8085612654685974
1768,0.7414966225624084
1769,0.8321126699447632
1770,0.2749844789505005
1771,0.31489360332489014
1772,0.1501246839761734
1773,0.1480075865983963
1774,0.2098522186279297
1775,0.8665286898612976
1776,0.8179675936698914
1777,0.8537117838859558
1778,0.7843067049980164
1779,0.6246664524078369
1780,0.6080150008201599
1781,0.7233065366744995
1782,0.7694117426872253
1783,0.5451202392578125
1784,0.5243902206420898
1785,0.8302344083786011
1786,0.8426966071128845
1787,0.6503362059593201
1788,0.8269387483596802
1789,0.7852309346199036
1790,0.5828832387924194
1791,0.8343558311462402
1792,0.7505819797515869
1793,0.7512504458427429
1794,0.5574642419815063
1795,0.843904972076416
1796,0.8344120979309082
1797,0.6948987245559692
1798,0.7770751118659973
1799,0.8730002641677856
1800,0.8960294723510742
1801,0.8637922406196594
1802,0.8598290681838989
1803,0.8545843362808228
1804,0.7812326550483704
1805,0.7864951491355896
1806,0.7738748788833618
1807,0.8425531983375549
1808,0.8300653696060181
1809,0.8426143527030945
1810,0.6384563446044922
1811,0.5088273882865906
1812,0.4477272629737854
1813,0.3484923243522644
1814,0.7699443697929382
1815,0.6127886176109314
1816,0.7879746556282043
1817,0.7465310096740723
1818,0.6477723121643066
1819,0.6015216112136841
1820,0.711003303527832
1821,0.705205500125885
1822,0.7680642008781433
1823,0.7523809671401978
1824,0.727371871471405
1825,0.7604113221168518
1826,0.7472636699676514
1827,0.8369496464729309
1828,0.7638684511184692
1829,0.8016185164451599
1830,0.7259713411331177
1831,0.8037872910499573
1832,0.7963488698005676
1833,0.809819757938385
1834,0.7705692648887634
1835,0.7997793555259705
1836,0.7792137861251831
1837,0.8019999861717224
1838,0.7274725437164307
1839,0.8744609355926514
1840,0.5524600148200989
1841,0.7294281721115112
1842,0.6701030731201172
1843,0.8317241668701172
1844,0.7678396701812744
1845,0.8337417244911194
1846,0.8005944490432739
1847,0.8154981732368469
1848,0.7963488698005676
1849,0.8117693662643433
1850,0.7275269627571106
1851,0.7995287179946899
1852,0.7622377872467041
1853,0.7469300627708435
1854,0.7814619541168213
1855,0.6068965792655945
1856,0.6831896305084229
1857,0.7224639058113098
1858,0.7229636311531067
1859,0.7161409854888916
1860,0.7307773232460022
1861,0.7932367324829102
1862,0.6838427782058716
1863,0.27878788113594055
1864,0.8245701193809509
1865,0.8858656287193298
1866,0.8592780232429504
1867,0.8602710962295532
1868,0.8995852470397949
1869,0.8512095212936401
1870,0.829741358757019
1871,0.7941716909408569
1872,0.730140209197998
1873,0.8254585862159729
1874,0.8203984498977661
1875,0.7232270836830139
1876,0.7835318446159363
1877,0.7969865202903748
1878,0.6735537052154541
1879,0.7408267259597778
1880,0.8083009719848633
1881,0.8396369218826294
1882,0.6338028311729431
1883,0.739130437374115
1884,0.6709831953048706
1885,0.27043089270591736
1886,0.8610007762908936
1887,0.8005203604698181
1888,0.38486140966415405
1889,0.8113841414451599
1890,0.47172996401786804
1891,0.4514692723751068
1892,0.5168417096138
1893,0.4563034474849701
1894,0.47553515434265137
1895,0.5566607713699341
1896,0.48778682947158813
1897,0.4836396276950836
1898,0.4836980700492859
1899,0.4847573935985565
1900,0.5991425514221191
1901,0.6580621004104614
1902,0.5075376629829407
1903,0.5346242189407349
1904,0.6005696058273315
1905,0.5583203434944153
1906,0.5611390471458435
1907,0.6310452222824097
1908,0.6170861721038818
1909,0.6176245212554932
1910,0.5397260189056396
1911,0.5299455523490906
1912,0.4118078351020813
1913,0.4211229979991913
1914,0.5261756777763367
1915,0.7862903475761414
1916,0.8384075164794922
1917,0.6878137588500977
1918,0.8108031153678894
1919,0.7966546416282654
1920,0.5515101552009583
1921,0.6150035262107849
1922,0.6092114448547363
1923,0.4808405339717865
1924,0.41661083698272705
1925,0.3888888955116272
1926,0.47954174876213074
1927,0.5014577507972717
1928,0.37254902720451355
1929,0.3647541105747223
1930,0.3973037302494049
1931,0.3764757215976715
1932,0.4039921164512634
1933,0.44613051414489746
1934,0.4233856797218323
1935,0.6686674952507019
1936,0.7005804777145386
1937,0.6540664434432983
1938,0.7233174443244934
1939,0.687289834022522
1940,0.5804142951965332
1941,0.6752974390983582
1942,0.6631319522857666
1943,0.48051947355270386
1944,0.6927469968795776
1945,0.678470253944397
1946,0.6456241011619568
1947,0.44731447100639343
1948,0.6285930275917053
1949,0.6398671269416809
1950,0.4998255968093872
1951,0.46909090876579285
1952,0.5969868302345276
1953,0.4407523572444916
1954,0.48604801297187805
1955,0.5532994866371155
1956,0.46468183398246765
1957,0.3816971778869629
1958,0.41581109166145325
1959,0.644994854927063
1960,0.7210401892662048
1961,0.8194384574890137
1962,0.7653519511222839
1963,0.6600837707519531
1964,0.5942290425300598
1965,0.5527027249336243
1966,0.6844014525413513
1967,0.7471925020217896
1968,0.7742745876312256
1969,0.6194455027580261
1970,0.6964569091796875
1971,0.7916468977928162
1972,0.5942028760910034
1973,0.8296199440956116
1974,0.8038351535797119
1975,0.6273712515830994
1976,0.7685987949371338
1977,0.7595402002334595
1978,0.3440559506416321
1979,0.6680538654327393
1980,0.49418604373931885
1981,0.6945606470108032
1982,0.755942165851593
1983,0.453046590089798
1984,0.5756509304046631
1985,
1986,
1987,0.5395033955574036
1988,0.5491408705711365
1989,0.6293615698814392
1990,0.7401812672615051
1991,0.4060390889644623
1992,0.7007592916488647
1993,0.7164000868797302
1994,0.7101385593414307
1995,0.6082121729850769
1996,0.6335616707801819
1997,0.610472559928894
1998,0.4032258093357086
1999,0.6010240912437439
2000,0.21411605179309845
2001,0.2461799681186676
2002,0.6599264740943909
2003,0.6585031151771545
2004,0.6242930889129639
2005,0.2896231412887573
2006,0.6828110218048096
2007,0.5719490051269531
2008,0.19858434796333313
2009,0.43997466564178467
2010,0.495792418718338
2011,0.5628742575645447
2012,0.6479772925376892
2013,0.5189107656478882
2014,0.5964854955673218
2015,0.5145273804664612
2016,0.6321911215782166
2017,0.4839498698711395
2018,0.5146557688713074
2019,0.5264968872070312
2020,0.5218725800514221
2021,0.5748526453971863
2022,0.6097323894500732
2023,0.6510257124900818
2024,0.5523223280906677
2025,0.43747177720069885
2026,0.49512988328933716
2027,0.23106302320957184
2028,0.21256813406944275
2029,0.1837511956691742
2030,0.8372673988342285
2031,0.1583220511674881
2032,0.17142857611179352
2033,0.387897253036499
2034,0.2005329728126526
2035,0.5942818522453308
2036,0.5850956439971924
2037,0.2987654209136963
2038,0.2840520143508911
2039,0.6483253836631775
2040,0.23121847212314606
2041,0.165278822183609
2042,0.11070944368839264
2043,0.1241535022854805
2044,0.11130136996507645
2045,0.20359598100185394
2046,0.15637318789958954
2047,0.17749564349651337
2048,0.1308182328939438
2049,0.15277057886123657
2050,0.241318941116333
2051,0.12138015776872635
2052,0.1255992352962494
2053,0.13853904604911804
2054,0.15546342730522156
2055,0.13711151480674744
2056,0.11337122321128845
2057,0.17063990235328674
2058,0.16506436467170715
2059,0.15594202280044556
2060,0.8640776872634888
2061,0.8613333106040955
2062,0.7374784350395203
2063,0.865532398223877
2064,0.8796912431716919
2065,0.16183985769748688
2066,0.265849769115448
2067,0.14331550896167755
2068,0.19365660846233368
2069,0.18885794281959534
2070,0.23293381929397583
2071,0.2532467544078827
2072,0.2668403387069702
2073,0.1435343623161316
2074,0.15991471707820892
2075,0.12909920513629913
2076,0.27138233184814453
2077,0.15635699033737183
2078,0.23423884809017181
2079,0.16377486288547516
2080,0.27450981736183167
2081,0.26624107360839844
2082,0.17132948338985443
2083,0.18322023749351501
2084,0.3133402168750763
2085,0.13538821041584015
2086,0.19447004795074463
2087,0.233626589179039
2088,0.16750197112560272
2089,0.19761499762535095
2090,0.22106142342090607
2091,0.24728064239025116
2092,0.5130193829536438
2093,0.46868547797203064
2094,0.17735333740711212
2095,0.20359164476394653
2096,0.1392504870891571
2097,0.190265491604805
2098,0.12560293078422546
2099,0.1308823525905609
2100,0.18611522018909454
2101,0.18492887914180756
2102,0.15085025131702423
2103,0.2981007397174835
2104,0.15022091567516327
2105,0.5981404781341553
2106,0.30655190348625183
2107,0.2905879616737366
2108,0.25995317101478577
2109,0.6406875252723694
2110,0.3319264352321625
2111,0.3974895477294922
2112,0.4674685597419739
2113,0.6877816319465637
2114,0.2930513620376587
2115,0.34787124395370483
2116,0.28438660502433777
2117,0.3547445237636566
2118,0.3580246865749359
2119,0.334320992231369
2120,0.2382543385028839
2121,0.22345276176929474
2122,0.1977611929178238
2123,0.13859274983406067
2124,0.37789905071258545
2125,0.20259319245815277
2126,0.2820321321487427
2127,0.3568985164165497
2128,0.24742892384529114
2129,0.17687596380710602
2130,
2131,
2132,0.40423253178596497
2133,0.1757342368364334
2134,0.4160664677619934
2135,0.8084291219711304
2136,0.1599999964237213
2137,0.8066334128379822
2138,0.6580381393432617
2139,0.8201906681060791
2140,0.09226932376623154
2141,0.09435467422008514
2142,0.0909757912158966
2143,0.3363809585571289
2144,0.10598413646221161
2145,0.8338398933410645
2146,0.7575757503509521
2147,0.7439773082733154
2148,0.7229260206222534
2149,0.7981489896774292
2150,0.14987029135227203
2151,0.7812713384628296
2152,0.546562671661377
2153,0.41830623149871826
2154,0.12666666507720947
2155,0.20849210023880005
2156,0.6500142812728882
2157,0.5581395626068115
2158,0.1525241732597351
2159,0.2793925106525421
2160,0.17805582284927368
2161,0.1680784672498703
2162,0.21498127281665802
2163,0.12918396294116974
2164,0.15371716022491455
2165,0.17753486335277557
2166,0.1830863058567047
2167,0.7498601078987122
2168,0.7811576128005981
2169,0.7407407164573669
2170,0.12257316708564758
2171,0.11764705926179886
2172,0.18124526739120483
2173,0.14692828059196472
2174,0.17062635719776154
2175,0.24723510444164276
2176,0.1285231113433838
2177,0.1361422836780548
2178,0.3695884048938751
2179,0.15325148403644562
2180,0.6234498023986816
2181,0.6205787658691406
2182,0.15306122601032257
2183,0.1494360864162445
2184,0.6630017757415771
2185,0.19960080087184906
2186,0.15325669944286346
2187,0.1054852306842804
2188,0.08826049417257309
2189,0.09585600346326828
2190,0.14934498071670532
2191,0.12506036460399628
2192,0.15920916199684143
2193,0.1393088549375534
2194,0.14409682154655457
2195,0.25250500440597534
2196,0.09044193476438522
2197,0.09872611612081528
2198,0.11440245062112808
2199,0.13666915893554688
2200,0.15280044078826904
2201,0.14731910824775696
2202,0.13903255760669708
2203,0.16017869114875793
2204,0.15084388852119446
2205,0.13531997799873352
2206,0.14686205983161926
2207,0.13269174098968506
2208,0.14234395325183868
2209,0.12791113555431366
2210,0.11776859313249588
2211,0.22059518098831177
2212,0.12685495615005493
2213,0.16881659626960754
2214,0.15623356401920319
2215,0.19116564095020294
2216,0.2123347967863083
2217,0.22325581312179565
2218,0.1372353732585907
2219,0.1432117223739624
2220,0.4871508479118347
2221,0.7630854249000549
2222,0.16302521526813507
2223,0.6906989812850952
2224,0.6702649593353271
2225,0.14561234414577484
2226,0.20678842067718506
2227,0.16583822667598724
2228,0.15316206216812134
2229,0.14330056309700012
2230,0.14005236327648163
2231,0.1513734608888626
2232,0.5829257369041443
2233,0.6534446477890015
2234,0.18816763162612915
2235,0.33986127376556396
2236,0.3209647536277771
2237,0.6639344096183777
2238,0.6474081873893738
2239,0.1579921394586563
2240,0.13075171411037445
2241,0.13463415205478668
2242,0.16479723155498505
2243,0.11403097212314606
2244,0.11185149848461151
2245,0.1671469807624817
2246,0.17129187285900116
2247,0.13018597662448883
2248,0.23171670734882355
2249,0.12354312092065811
2250,0.16431924700737
2251,0.13156822323799133
2252,0.5823045372962952
2253,0.7359483242034912
2254,0.1620217263698578
2255,0.5127308964729309
2256,0.6897081136703491
2257,0.592476487159729
2258,0.6598844528198242
2259,0.38250428438186646
2260,0.7564834952354431
2261,0.7513278722763062
2262,0.526819109916687
2263,0.7274368405342102
2264,0.7586206793785095
2265,0.6430497765541077
2266,0.17488349974155426
2267,0.1691003292798996
2268,0.15003395080566406
2269,0.2625117897987366
2270,0.17716357111930847
2271,0.25634387135505676
2272,0.339842826128006
2273,0.2935960590839386
2274,0.15111111104488373
2275,
2276,
2277,0.5076212286949158
2278,0.1633262187242508
2279,0.6308316588401794
2280,0.673758864402771
2281,0.1666666716337204
2282,0.6116838455200195
2283,0.7481940388679504
2284,0.665544331073761
2285,0.14885014295578003
2286,0.13806171715259552
2287,0.14020618796348572
2288,0.48626452684402466
2289,0.1631057858467102
2290,0.279225617647171
2291,0.28531545400619507
2292,0.6135321259498596
2293,0.4787393808364868
2294,0.6254515051841736
2295,0.12106918543577194
2296,0.6214396953582764
2297,0.6578434109687805
2298,0.1342105269432068
2299,0.10604140162467957
2300,0.17986315488815308
2301,0.6593977212905884
2302,0.679090678691864
2303,0.1391834020614624
2304,0.2906448543071747
2305,0.15661565959453583
2306,0.1366255134344101
2307,0.20469483733177185
2308,0.1393788754940033
2309,0.1438596546649933
2310,0.152962788939476
2311,0.12859712541103363
2312,0.6960518956184387
2313,0.8084848523139954
2314,0.6484395861625671
2315,0.10749682039022446
2316,0.12271782010793686
2317,0.17890772223472595
2318,0.1409275084733963
2319,0.14697405695915222
2320,0.12716762721538544
2321,0.12511013448238373
2322,0.11479198932647705
2323,0.34812548756599426
2324,0.1267828792333603
2325,0.5997926592826843
2326,0.5395256876945496
2327,0.15199367702007294
2328,0.15495087206363678
2329,0.48229342699050903
2330,0.18617020547389984
2331,0.12995313107967377
2332,0.11190476268529892
2333,0.1068616434931755
2334,0.09360730648040771
2335,0.23054754734039307
2336,0.13165538012981415
2337,0.16360913217067719
2338,0.11784511804580688
2339,0.13543599843978882
2340,0.2046692669391632
2341,0.08432836085557938
2342,0.10620300471782684
2343,0.09500563144683838
2344,0.13275791704654694
2345,0.09751283377408981
2346,0.10061919689178467
2347,0.14233577251434326
2348,0.16441717743873596
2349,0.10215482860803604
2350,0.11540008336305618
2351,0.12173912674188614
2352,0.12778019905090332
2353,0.12570682168006897
2354,0.13077834248542786
2355,0.1397475004196167
2356,0.20351023972034454
2357,0.11678526550531387
2358,0.1569586545228958
2359,0.15842491388320923
2360,0.23456789553165436
2361,0.19395248591899872
2362,0.2420727014541626
2363,0.10570987313985825
2364,0.13552525639533997
2365,0.640041708946228
2366,0.7967648506164551
2367,0.1449541300535202
2368,0.8220885396003723
2369,0.7936241626739502
2370,0.14181523025035858
2371,0.19861164689064026
2372,0.1510562002658844
2373,0.13250194489955902
2374,0.1433447152376175
2375,0.12703904509544373
2376,0.31001725792884827
2377,0.7712895274162292
2378,0.7748399376869202
2379,0.22595077753067017
2380,0.41107872128486633
2381,0.15326522290706635
2382,0.5074349641799927
2383,0.6657350659370422
2384,0.13751986622810364
2385,0.0991501435637474
2386,0.11312217265367508
2387,0.139398992061615
2388,0.10839913785457611
2389,0.09490656107664108
2390,0.2022426873445511
2391,0.16621743142604828
2392,0.09696092456579208
2393,0.2584167420864105
2394,0.12417282909154892
2395,0.1746857464313507
2396,0.13508693873882294
2397,0.5194681882858276
2398,0.7292659878730774
2399,0.17383036017417908
2400,0.5559187531471252
2401,0.5685874819755554
2402,0.407665491104126
2403,0.2851511240005493
2404,0.2983555197715759
2405,0.720716118812561
2406,0.7157569527626038
2407,0.543276309967041
2408,0.665835440158844
2409,0.6649860143661499
2410,0.6867470145225525
2411,0.17675940692424774
2412,0.17721021175384521
2413,0.13141609728336334
2414,0.3278418481349945
2415,0.16073523461818695
2416,0.11375948041677475
2417,0.30173200368881226
2418,0.18727914988994598
2419,0.1393323689699173
2420,
2421,
2422,0.45576924085617065
2423,0.1816367208957672
2424,0.24244458973407745
2425,0.5777287483215332
2426,0.12303422391414642
2427,0.2566955089569092
2428,0.7223677039146423
2429,0.2729570269584656
2430,0.1606488674879074
2431,0.13111111521720886
2432,0.14208242297172546
2433,0.8461538553237915
2434,0.1627907007932663
2435,0.16276754438877106
2436,0.16988608241081238
2437,0.13004031777381897
2438,0.1360519677400589
2439,0.14262691140174866
2440,0.1535974144935608
2441,0.3246254324913025
2442,0.46506452560424805
2443,0.19560740888118744
2444,0.1111111119389534
2445,0.20708154141902924
2446,0.6382039785385132
2447,0.671444296836853
2448,0.15638874471187592
2449,0.2343507558107376
2450,0.14677418768405914
2451,0.13056835532188416
2452,0.2477453649044037
2453,0.1494937390089035
2454,0.15166163444519043
2455,0.1250552386045456
2456,0.1318114846944809
2457,0.6266666650772095
2458,0.7399352192878723
2459,0.5973742008209229
2460,0.15296803414821625
2461,0.10808709263801575
2462,0.1943684071302414
2463,0.12577469646930695
2464,0.15068493783473969
2465,
2466,
2467,
2468,
2469,
2470,
2471,
2472,
2473,
2474,
2475,
2476,
2477,
2478,
2479,
2480,
2481,
2482,
2483,
2484,
2485,
2486,
2487,
2488,
2489,
2490,
2491,
2492,
2493,
2494,
2495,
2496,
2497,
2498,
2499,
2500,
2501,
2502,
2503,
2504,
2505,
2506,
2507,
2508,
2509,
2510,
2511,
2512,
2513,
2514,
2515,
2516,
2517,
2518,
2519,
2520,
2521,
2522,
2523,
2524,
2525,
2526,
2527,
2528,
2529,
2530,
2531,
2532,
2533,
2534,
2535,
2536,
2537,
2538,
2539,
2540,
2541,
2542,
2543,
2544,
2545,
2546,
2547,
2548,
2549,
2550,
2551,
2552,
2553,
2554,
2555,
2556,
2557,
2558,
2559,
2560,
2561,
2562,
2563,
2564,
2565,
2566,
2567,
2568,
2569,
2570,
2571,
2572,
2573,
2574,
2575,
2576,
2577,
2578,
2579,
2580,
2581,
2582,
2583,
2584,
2585,
2586,
2587,
2588,
2589,
2590,
2591,
2592,
2593,
2594,
2595,
2596,
2597,
2598,
2599,
2600,
2601,
2602,
2603,
2604,
2605,
2606,
2607,
2608,
2609,
2610,0.12716762721538544
2611,0.12511013448238373
2612,0.11479198932647705
2613,0.34812548756599426
2614,0.1267828792333603
2615,0.5997926592826843
2616,0.5395256876945496
2617,0.15199367702007294
2618,0.15495087206363678
2619,0.48229342699050903
2620,0.18617020547389984
2621,0.12995313107967377
2622,0.11190476268529892
2623,0.1068616434931755
2624,0.09360730648040771
2625,0.23054754734039307
2626,0.13165538012981415
2627,0.16360913217067719
2628,0.11784511804580688
2629,0.13543599843978882
2630,0.2046692669391632
2631,0.08432836085557938
2632,0.10620300471782684
2633,0.09500563144683838
2634,0.13275791704654694
2635,0.09751283377408981
2636,0.10061919689178467
2637,0.14233577251434326
2638,0.16441717743873596
2639,0.10215482860803604
2640,0.11540008336305618
2641,0.12173912674188614
2642,0.12778019905090332
2643,0.12570682168006897
2644,0.13077834248542786
2645,0.1397475004196167
2646,0.20351023972034454
2647,0.11678526550531387
2648,0.1569586545228958
2649,0.15842491388320923
2650,0.23456789553165436
2651,0.19395248591899872
2652,0.2420727014541626
2653,0.10570987313985825
2654,0.13552525639533997
2655,0.640041708946228
2656,0.7967648506164551
2657,0.1449541300535202
2658,0.8220885396003723
2659,0.7936241626739502
2660,0.14181523025035858
2661,0.19861164689064026
2662,0.1510562002658844
2663,0.13250194489955902
2664,0.1433447152376175
2665,0.12703904509544373
2666,0.31001725792884827
2667,0.7712895274162292
2668,0.7748399376869202
2669,0.22595077753067017
2670,0.41107872128486633
2671,0.15326522290706635
2672,0.5074349641799927
2673,0.6657350659370422
2674,0.13751986622810364
2675,0.0991501435637474
2676,0.11312217265367508
2677,0.139398992061615
2678,0.10839913785457611
2679,0.09490656107664108
2680,0.2022426873445511
2681,0.16621743142604828
2682,0.09696092456579208
2683,0.2584167420864105
2684,0.12417282909154892
2685,0.1746857464313507
2686,0.13508693873882294
2687,0.5194681882858276
2688,0.7292659878730774
2689,0.17383036017417908
2690,0.5559187531471252
2691,0.5685874819755554
2692,0.407665491104126
2693,0.2851511240005493
2694,0.2983555197715759
2695,0.720716118812561
2696,0.7157569527626038
2697,0.543276309967041
2698,0.665835440158844
2699,0.6649860143661499
2700,0.6867470145225525
2701,0.17675940692424774
2702,0.17721021175384521
2703,0.13141609728336334
2704,0.3278418481349945
2705,0.16073523461818695
2706,0.11375948041677475
2707,0.30173200368881226
2708,0.18727914988994598
2709,0.1393323689699173
2710,
2711,
2712,0.45576924085617065
2713,0.1816367208957672
2714,0.24244458973407745
2715,0.5777287483215332
2716,0.12303422391414642
2717,0.2566955089569092
2718,0.7223677039146423
2719,0.2729570269584656
2720,0.1606488674879074
2721,0.13111111521720886
2722,0.14208242297172546
2723,0.8461538553237915
2724,0.1627907007932663
2725,0.16276754438877106
2726,0.16988608241081238
2727,0.13004031777381897
2728,0.1360519677400589
2729,0.14262691140174866
2730,0.1535974144935608
2731,0.3246254324913025
2732,0.46506452560424805
2733,0.19560740888118744
2734,0.1111111119389534
2735,0.20708154141902924
2736,0.6382039785385132
2737,0.671444296836853
2738,0.15638874471187592
2739,0.2343507558107376
2740,0.14677418768405914
2741,0.13056835532188416
2742,0.2477453649044037
2743,0.1494937390089035
2744,0.15166163444519043
2745,0.1250552386045456
2746,0.1318114846944809
2747,0.6266666650772095
2748,0.7399352192878723
2749,0.5973742008209229
2750,0.15296803414821625
2751,0.10808709263801575
2752,0.1943684071302414
2753,0.12577469646930695
2754,0.15068493783473969
2755,
2756,
2757,
2758,
2759,
2760,
2761,
2762,
2763,
2764,
2765,
2766,
2767,
2768,
2769,
2770,
2771,
2772,
2773,
2774,
2775,
2776,
2777,
2778,
2779,
2780,
2781,
2782,
2783,
2784,
2785,
2786,
2787,
2788,
2789,
2790,
2791,
2792,
2793,
2794,
2795,
2796,
2797,
2798,
2799,
2800,
2801,
2802,
2803,
2804,
2805,
2806,
2807,
2808,
2809,
2810,
2811,
2812,
2813,
2814,
2815,
2816,
2817,
2818,
2819,
2820,
2821,
2822,
2823,
2824,
2825,
2826,
2827,
2828,
2829,
2830,
2831,
2832,
2833,
2834,
2835,
2836,
2837,
2838,
2839,
2840,
2841,
2842,
2843,
2844,
2845,
2846,
2847,
2848,
2849,
2850,
2851,
2852,
2853,
2854,
2855,
2856,
2857,
2858,
2859,
2860,
2861,
2862,
2863,
2864,
2865,
2866,
2867,
2868,
2869,
2870,
2871,
2872,
2873,
2874,
2875,
2876,
2877,
2878,
2879,
2880,
2881,
2882,
2883,
2884,
2885,
2886,
2887,
2888,
2889,
2890,
2891,
2892,
2893,
2894,
2895,
2896,
2897,
2898,
2899,
