rank,picp_bucket,lr,n_estimators,tau_lo,tau_hi,msl,depth,sub,q_hat,val_PICP,val_MPIW,test_PICP,test_MPIW,plot_file
1,92.8pct,0.032,450,0.15,0.85,22,4,1.0,5.222,0.8816,26.9431,0.9281,25.8482,92.8pct/rank01_picp92.8_mpiw25.85_lr0.032_n450_msl22_d4.png
2,92.2pct,0.025,550,0.15,0.85,25,4,1.0,4.9259,0.9013,26.553,0.9216,25.7908,92.2pct/rank02_picp92.2_mpiw25.79_lr0.025_n550_msl25_d4.png
3,91.5pct,0.03,550,0.15,0.85,20,4,1.0,5.2533,0.9079,26.7965,0.915,25.7626,91.5pct/rank03_picp91.5_mpiw25.76_lr0.03_n550_msl20_d4.png
4,91.5pct,0.03,500,0.15,0.85,20,4,1.0,5.2235,0.9079,26.8585,0.915,25.8113,91.5pct/rank04_picp91.5_mpiw25.81_lr0.03_n500_msl20_d4.png
5,91.5pct,0.025,500,0.15,0.85,25,4,0.9,5.1984,0.9145,26.7447,0.915,25.8828,91.5pct/rank05_picp91.5_mpiw25.88_lr0.025_n500_msl25_d4.png
6,91.5pct,0.035,400,0.15,0.85,30,4,1.0,5.1248,0.9013,26.7556,0.915,25.9074,91.5pct/rank06_picp91.5_mpiw25.91_lr0.035_n400_msl30_d4.png
7,91.5pct,0.03,450,0.15,0.85,20,4,1.0,5.2311,0.9079,27.0478,0.915,25.9714,91.5pct/rank07_picp91.5_mpiw25.97_lr0.03_n450_msl20_d4.png
8,91.5pct,0.02,800,0.15,0.85,18,4,1.0,5.2955,0.9013,26.9714,0.915,25.9884,91.5pct/rank08_picp91.5_mpiw25.99_lr0.02_n800_msl18_d4.png
9,90.9pct,0.035,700,0.15,0.85,25,4,1.0,5.1664,0.8947,26.1537,0.9085,25.4656,90.9pct/rank09_picp90.8_mpiw25.47_lr0.035_n700_msl25_d4.png
10,90.9pct,0.035,800,0.15,0.85,25,4,1.0,5.2646,0.8947,26.1381,0.9085,25.4928,90.9pct/rank10_picp90.8_mpiw25.49_lr0.035_n800_msl25_d4.png
11,90.9pct,0.032,500,0.15,0.85,25,4,1.0,4.9277,0.8816,26.3467,0.9085,25.5773,90.9pct/rank11_picp90.8_mpiw25.58_lr0.032_n500_msl25_d4.png
12,90.9pct,0.028,800,0.15,0.85,25,4,1.0,5.0223,0.8882,26.3811,0.9085,25.6108,90.9pct/rank12_picp90.8_mpiw25.61_lr0.028_n800_msl25_d4.png
13,90.9pct,0.025,550,0.15,0.85,25,4,0.9,5.131,0.9013,26.4567,0.9085,25.6181,90.9pct/rank13_picp90.8_mpiw25.62_lr0.025_n550_msl25_d4.png
14,90.9pct,0.03,600,0.15,0.85,20,4,1.0,5.2756,0.9079,26.7453,0.9085,25.7234,90.9pct/rank14_picp90.8_mpiw25.72_lr0.03_n600_msl20_d4.png
15,90.9pct,0.025,450,0.15,0.85,25,4,0.9,5.0965,0.9145,26.7148,0.9085,25.8481,90.9pct/rank15_picp90.8_mpiw25.85_lr0.025_n450_msl25_d4.png
16,90.9pct,0.025,550,0.15,0.85,25,5,1.0,5.4907,0.8947,26.6056,0.9085,25.8967,90.9pct/rank16_picp90.8_mpiw25.90_lr0.025_n550_msl25_d5.png
17,90.9pct,0.032,700,0.15,0.85,25,4,1.0,5.3682,0.8816,26.7228,0.9085,25.916,90.9pct/rank17_picp90.8_mpiw25.92_lr0.032_n700_msl25_d4.png
18,90.9pct,0.025,800,0.15,0.85,30,4,1.0,5.3294,0.8947,26.6757,0.9085,25.9285,90.9pct/rank18_picp90.8_mpiw25.93_lr0.025_n800_msl30_d4.png
19,90.9pct,0.02,450,0.15,0.85,18,4,0.9,4.9249,0.9013,26.865,0.9085,25.9353,90.9pct/rank19_picp90.8_mpiw25.94_lr0.02_n450_msl18_d4.png
20,90.9pct,0.025,450,0.15,0.85,30,4,1.0,4.9724,0.9013,26.7506,0.9085,25.9628,90.9pct/rank20_picp90.8_mpiw25.96_lr0.025_n450_msl30_d4.png
21,90.9pct,0.03,600,0.15,0.85,18,4,1.0,5.3921,0.8947,27.0407,0.9085,25.963,90.9pct/rank21_picp90.8_mpiw25.96_lr0.03_n600_msl18_d4.png
22,90.9pct,0.02,500,0.15,0.85,18,4,1.0,4.9046,0.9145,26.9671,0.9085,25.9683,90.9pct/rank22_picp90.8_mpiw25.97_lr0.02_n500_msl18_d4.png
23,90.9pct,0.028,700,0.15,0.85,25,4,1.0,5.0897,0.8947,26.7353,0.9085,25.9683,90.9pct/rank23_picp90.8_mpiw25.97_lr0.028_n700_msl25_d4.png
24,90.9pct,0.025,400,0.15,0.85,25,4,0.9,5.0737,0.9079,26.8727,0.9085,25.9822,90.9pct/rank24_picp90.8_mpiw25.98_lr0.025_n400_msl25_d4.png
25,90.2pct,0.025,800,0.15,0.85,25,4,1.0,4.9038,0.8882,26.0646,0.902,25.2749,90.2pct/rank25_picp90.2_mpiw25.27_lr0.025_n800_msl25_d4.png
26,90.2pct,0.028,500,0.15,0.85,22,5,1.0,5.3133,0.8947,26.4107,0.902,25.3859,90.2pct/rank26_picp90.2_mpiw25.39_lr0.028_n500_msl22_d5.png
27,90.2pct,0.02,450,0.15,0.85,20,5,1.0,5.237,0.8882,26.5423,0.902,25.4539,90.2pct/rank27_picp90.2_mpiw25.45_lr0.02_n450_msl20_d5.png
28,90.2pct,0.025,600,0.15,0.85,25,4,1.0,4.7985,0.8882,26.2526,0.902,25.4755,90.2pct/rank28_picp90.2_mpiw25.48_lr0.025_n600_msl25_d4.png
29,90.2pct,0.035,600,0.15,0.85,25,4,1.0,5.0738,0.8947,26.1565,0.902,25.4868,90.2pct/rank29_picp90.2_mpiw25.49_lr0.035_n600_msl25_d4.png
30,90.2pct,0.02,550,0.15,0.85,20,5,1.0,5.471,0.8816,26.5101,0.902,25.5064,90.2pct/rank30_picp90.2_mpiw25.51_lr0.02_n550_msl20_d5.png
31,90.2pct,0.03,700,0.15,0.85,20,4,1.0,5.3068,0.9079,26.4799,0.902,25.5235,90.2pct/rank31_picp90.2_mpiw25.52_lr0.03_n700_msl20_d4.png
32,90.2pct,0.02,500,0.15,0.85,20,5,1.0,5.3536,0.8882,26.5958,0.902,25.5246,90.2pct/rank32_picp90.2_mpiw25.52_lr0.02_n500_msl20_d5.png
33,90.2pct,0.032,400,0.15,0.85,25,4,1.0,4.7219,0.8947,26.3655,0.902,25.5285,90.2pct/rank33_picp90.2_mpiw25.53_lr0.032_n400_msl25_d4.png
34,90.2pct,0.04,400,0.15,0.85,22,4,1.0,5.0342,0.9079,26.5508,0.902,25.5426,90.2pct/rank34_picp90.2_mpiw25.54_lr0.04_n400_msl22_d4.png
35,90.2pct,0.032,450,0.15,0.85,25,4,1.0,4.8427,0.8882,26.4002,0.902,25.5828,90.2pct/rank35_picp90.2_mpiw25.58_lr0.032_n450_msl25_d4.png
36,90.2pct,0.032,550,0.15,0.85,25,4,1.0,5.0235,0.8816,26.3527,0.902,25.599,90.2pct/rank36_picp90.2_mpiw25.60_lr0.032_n550_msl25_d4.png
37,90.2pct,0.028,550,0.15,0.85,22,5,1.0,5.5444,0.8947,26.6602,0.902,25.6246,90.2pct/rank37_picp90.2_mpiw25.62_lr0.028_n550_msl22_d5.png
38,90.2pct,0.04,450,0.15,0.85,22,4,1.0,5.1766,0.9013,26.6973,0.902,25.6901,90.2pct/rank38_picp90.2_mpiw25.69_lr0.04_n450_msl22_d4.png
39,90.2pct,0.028,600,0.15,0.85,22,5,1.0,5.6709,0.8947,26.7458,0.902,25.6952,90.2pct/rank39_picp90.2_mpiw25.70_lr0.028_n600_msl22_d5.png
40,90.2pct,0.035,550,0.15,0.85,25,4,1.0,5.1104,0.8947,26.3963,0.902,25.7316,90.2pct/rank40_picp90.2_mpiw25.73_lr0.035_n550_msl25_d4.png
41,90.2pct,0.02,700,0.15,0.85,20,5,1.0,5.7641,0.8816,26.7563,0.902,25.7508,90.2pct/rank41_picp90.2_mpiw25.75_lr0.02_n700_msl20_d5.png
42,90.2pct,0.02,600,0.15,0.85,20,5,1.0,5.6664,0.8816,26.7375,0.902,25.7588,90.2pct/rank42_picp90.2_mpiw25.76_lr0.02_n600_msl20_d5.png
43,90.2pct,0.02,450,0.15,0.85,30,4,1.0,4.7459,0.9079,26.6539,0.902,25.7638,90.2pct/rank43_picp90.2_mpiw25.76_lr0.02_n450_msl30_d4.png
44,90.2pct,0.02,800,0.15,0.85,15,4,1.0,5.2623,0.9013,26.8053,0.902,25.7763,90.2pct/rank44_picp90.2_mpiw25.78_lr0.02_n800_msl15_d4.png
45,90.2pct,0.02,400,0.15,0.85,20,5,1.0,5.2678,0.8947,26.8551,0.902,25.7771,90.2pct/rank45_picp90.2_mpiw25.78_lr0.02_n400_msl20_d5.png
46,90.2pct,0.025,700,0.15,0.85,30,4,1.0,5.2117,0.8947,26.5492,0.902,25.7971,90.2pct/rank46_picp90.2_mpiw25.80_lr0.025_n700_msl30_d4.png
47,90.2pct,0.03,500,0.15,0.85,22,5,1.0,5.6436,0.9079,26.735,0.902,25.8,90.2pct/rank47_picp90.2_mpiw25.80_lr0.03_n500_msl22_d5.png
48,90.2pct,0.025,600,0.15,0.85,25,5,1.0,5.494,0.9013,26.5054,0.902,25.8098,90.2pct/rank48_picp90.2_mpiw25.81_lr0.025_n600_msl25_d5.png
49,90.2pct,0.032,800,0.15,0.85,25,4,1.0,5.4034,0.8816,26.6201,0.902,25.8152,90.2pct/rank49_picp90.2_mpiw25.82_lr0.032_n800_msl25_d4.png
50,90.2pct,0.025,550,0.15,0.85,15,4,0.8,5.4358,0.8947,26.736,0.902,25.8226,90.2pct/rank50_picp90.2_mpiw25.82_lr0.025_n550_msl15_d4.png
51,90.2pct,0.025,500,0.15,0.85,15,4,0.8,5.3604,0.8947,26.7556,0.902,25.8368,90.2pct/rank51_picp90.2_mpiw25.84_lr0.025_n500_msl15_d4.png
52,90.2pct,0.025,450,0.15,0.85,15,4,0.8,5.2996,0.9013,26.8182,0.902,25.8792,90.2pct/rank52_picp90.2_mpiw25.88_lr0.025_n450_msl15_d4.png
53,90.2pct,0.032,450,0.2,0.8,20,4,1.0,6.5789,0.8816,26.7401,0.902,25.9271,90.2pct/rank53_picp90.2_mpiw25.93_lr0.032_n450_msl20_d4.png
54,90.2pct,0.02,600,0.15,0.85,25,5,1.0,5.4382,0.8947,26.6644,0.902,25.9539,90.2pct/rank54_picp90.2_mpiw25.95_lr0.02_n600_msl25_d5.png
55,90.2pct,0.02,550,0.15,0.85,25,5,1.0,5.3844,0.8947,26.7028,0.902,25.9668,90.2pct/rank55_picp90.2_mpiw25.97_lr0.02_n550_msl25_d5.png
56,90.2pct,0.032,800,0.15,0.85,22,5,1.0,6.1651,0.9079,26.9513,0.902,25.9708,90.2pct/rank56_picp90.2_mpiw25.97_lr0.032_n800_msl22_d5.png
57,90.2pct,0.035,800,0.15,0.85,15,4,0.9,6.1013,0.9013,26.9123,0.902,25.979,90.2pct/rank57_picp90.2_mpiw25.98_lr0.035_n800_msl15_d4.png
58,90.2pct,0.028,550,0.15,0.85,25,4,1.0,4.9638,0.9013,26.759,0.902,25.9847,90.2pct/rank58_picp90.2_mpiw25.98_lr0.028_n550_msl25_d4.png
59,90.2pct,0.03,600,0.15,0.85,22,5,1.0,5.881,0.9079,26.9247,0.902,25.9909,90.2pct/rank59_picp90.2_mpiw25.99_lr0.03_n600_msl22_d5.png
60,90.2pct,0.03,600,0.15,0.85,18,5,1.0,6.0509,0.9079,26.9411,0.902,25.9988,90.2pct/rank60_picp90.2_mpiw26.00_lr0.03_n600_msl18_d5.png
